<?xml version='1.0' encoding='utf-8'?>
<addon id="repository.embuary" name="Embuary Skins (Omega)" version="0.3.1" provider-name="Embuary Team">
    <extension point="xbmc.addon.metadata">
        <summary>Embuary Skin Repository</summary>
        <description lang="en_GB">The well-known and popular Skin Embuary from Sualfred has arrived in the UHD age. Thanks to the 2K/4K modification by Teddyknuddel, the full potential of a UHD display (2K also cuts a very good figure on FullHD) can be utilised. The CPM modification by jamal2367 provides detailed information about Dolby Vision and video soundtracks. Embuary is modelled on Emby's Web UI and was developed for Emby-for-Kodi and EmbyCon users, but also works for all common Kodi setups.</description>
        <description lang="de_DE">Die bekannte und beliebte Skin Embuary von Sualfred ist im UHD-Zeitalter angekommen. Dank der 2K /4KModifikation von Teddyknuddel kann das volle Potenzial eines UHD Displays (auch auf FullHD macht 2K eine gute Figur) genutzt werden. Durch die CPM Modifikation von jamal2367 erhält man detaillierte Informationen über Dolby Vision und Video Tonspuren. Embuary ist dem Web UI von Emby nachempfunden und für Emby-for-Kodi und EmbyCon Nutzer entwickelt worden, funktioniert aber auch für alle gängigen Kodi Setups.</description>
        <disclaimer lang="en_GB">No mouse support. With the installation of the skin you agree that you don't use it in combination with blacklisted and illegal Kodi add-ons. We are not associated with any available build and I won't give any support to blacklisted, banned or illegal third party addons.</disclaimer>
        <disclaimer lang="de_DE">Keine Maus Unterstützung. Mit der Installation des Skins erklärst du dich damit einverstanden keine verbotenen und illegalen Addons von Kodi damit zu benutzen. Wir stehen in keinerlei Verbindung zu verfübaren Builds und gebe keinen Support für diese oder andere illegalen Drittanbieter-Addons.</disclaimer>
        <platform>all</platform>
        <assets>
            <icon>resources/icon.png</icon>
            <fanart>resources/fanart.jpg</fanart>
        </assets>
    </extension>
    <extension point="xbmc.addon.repository" name="Embuary Skins Repository">
        <dir minversion="20.999.0">
            <info compressed="false">https://raw.githubusercontent.com/Stogie87/Embuary-Skin/master/addons.xml</info>
            <checksum>https://raw.githubusercontent.com/Stogie87/Embuary-Skin/master/addons.xml.md5</checksum>
            <datadir zip="true">https://raw.githubusercontent.com/Stogie87/Embuary-Skin/master/</datadir>
        </dir>
    </extension>
</addon>