<?xml version="1.0" encoding="UTF-8"?>
<window id="3301" type="dialog">
	<defaultcontrol always="true">3000</defaultcontrol>
    <zorder>2</zorder>
    <include>PropertyIncludes</include>
    <controls>
        <!-- EmbyCon dialog -->
        <control type="group">
            <!-- hidden container -->
            <control type="list" id="3000">
                <top>-9</top>
                <left>-10</left>
                <width>1</width>
                <height>1600</height>
                <pagecontrol>17</pagecontrol>
                <onup>3000</onup>
                <onleft>close</onleft>
                <onright>close</onright>
                <ondown>3000</ondown>
                <scrolltime>0</scrolltime>
                <itemlayout height="50"/>
                <focusedlayout height="50"/>
            </control>
            <include content="DiffuseMask">
                <param name="visible">!VideoPlayer.IsFullscreen</param>
            </include>
            <!-- fake list with auto adjusted height -->
            <control type="group">
                <include>Dialog_PopupOpenClose</include>
                <centerleft>50%</centerleft>
                <width>1100</width>
                <centertop>50%</centertop>
                <height>1964</height>
                <control type="grouplist">
                    <orientation>vertical</orientation>
                    <height>auto</height>
                    <align>center</align>
                    <itemgap>0</itemgap>
                    <onright>close</onright>
                    <onleft>close</onleft>
                    <usecontrolcoords>true</usecontrolcoords>
                    <control type="image">
                        <width>100%</width>
                        <height>122</height>
                        <texture border="65,0,65,0" colordiffuse="context_color">dialogs/context/top.png</texture>
                    </control>
                    <include content="SmallSelectDialogItem">
                        <param name="container" value="3000"/>
                        <param name="id" value="0"/>
                    </include>
                    <include content="SmallSelectDialogItem">
                        <param name="container" value="3000"/>
                        <param name="id" value="1"/>
                    </include>
                    <include content="SmallSelectDialogItem">
                        <param name="container" value="3000"/>
                        <param name="id" value="2"/>
                    </include>
                    <include content="SmallSelectDialogItem">
                        <param name="container" value="3000"/>
                        <param name="id" value="3"/>
                    </include>
                    <include content="SmallSelectDialogItem">
                        <param name="container" value="3000"/>
                        <param name="id" value="4"/>
                    </include>
                    <include content="SmallSelectDialogItem">
                        <param name="container" value="3000"/>
                        <param name="id" value="5"/>
                    </include>
                    <include content="SmallSelectDialogItem">
                        <param name="container" value="3000"/>
                        <param name="id" value="6"/>
                    </include>
                    <include content="SmallSelectDialogItem">
                        <param name="container" value="3000"/>
                        <param name="id" value="7"/>
                    </include>
                    <include content="SmallSelectDialogItem">
                        <param name="container" value="3000"/>
                        <param name="id" value="8"/>
                    </include>
                    <include content="SmallSelectDialogItem">
                        <param name="container" value="3000"/>
                        <param name="id" value="9"/>
                    </include>
                    <include content="SmallSelectDialogItem">
                        <param name="container" value="3000"/>
                        <param name="id" value="10"/>
                    </include>
                    <include content="SmallSelectDialogItem">
                        <param name="container" value="3000"/>
                        <param name="id" value="11"/>
                    </include>
                    <include content="SmallSelectDialogItem">
                        <param name="container" value="3000"/>
                        <param name="id" value="12"/>
                    </include>
                    <include content="SmallSelectDialogItem">
                        <param name="container" value="3000"/>
                        <param name="id" value="13"/>
                    </include>
                    <include content="SmallSelectDialogItem">
                        <param name="container" value="3000"/>
                        <param name="id" value="14"/>
                    </include>
                    <include content="SmallSelectDialogItem">
                        <param name="container" value="3000"/>
                        <param name="id" value="15"/>
                    </include>
                    <control type="image">
                        <width>100%</width>
                        <height>122</height>
                        <texture border="65,0,65,0" colordiffuse="context_color">dialogs/context/bottom.png</texture>
                    </control>
                </control>
            </control>
        </control>
    </controls>
</window>