<?xml version="1.0" encoding="UTF-8"?>
<includes>
	<include name="VideoTypeFlaggingConditions">
		<include content="MediaFlag">
			<param name="flag_visible" value="!Skin.HasSetting(HideFilenameFlagging) + !String.IsEqual(Control.GetLabel(666),none)"/>
			<param name="flag_label" value="$VAR[VideoTypeFlaggingVar]"/>
		</include>
	</include>
	<include name="VideoCodecFlaggingConditions">
		<include content="MediaFlag">
			<param name="flag_visible" value="!String.IsEmpty(ListItem.VideoResolution) | [Window.IsActive(fullscreenvideo) + !String.IsEmpty(VideoPlayer.VideoResolution)]"/>
			<param name="flag_label" value="$VAR[VideoResolutionTypeVar]"/>
		</include>
		<include content="MediaFlag">
			<param name="flag_visible" value="!String.IsEmpty(ListItem.HdrType) | [Window.IsActive(fullscreenvideo) + !String.IsEmpty(VideoPlayer.HdrType)]"/>
			<param name="flag_label" value="$VAR[VideoHDRTypeVar]"/>
		</include>
		<include content="MediaFlag">
			<param name="flag_visible" value="!String.IsEmpty(ListItem.VideoCodec) | [Window.IsActive(fullscreenvideo) + !String.IsEmpty(VideoPlayer.VideoCodec)]"/>
			<param name="flag_label" value="$VAR[VideoCodecVar]"/>
		</include>
	</include>
	<include name="VideoStereoscopicsFlaggingConditions">
		<include content="MediaFlag">
			<param name="flag_visible" value="ListItem.IsStereoscopic"/>
			<param name="flag_label" value="3D"/>
		</include>
	</include>
	<include name="VideoMPAAFlaggingConditions">
		<control type="image">
			<description>Rating image</description>
			<width>109</width>
			<height>39</height>
			<aspectratio>keep</aspectratio>
			<texture>$VAR[rating,flagging/ratings/,.png]</texture>
		</control>
	</include>
	<include name="AudioCodecFlaggingConditions">
		<include content="MediaFlag">
			<param name="flag_visible" value="!String.IsEmpty(ListItem.AudioCodec) | [Window.IsActive(fullscreenvideo) + !String.IsEmpty(VideoPlayer.AudioCodec)] | [Window.IsActive(visualisation) + !String.IsEmpty(MusicPlayer.AudioCodec)]"/>
			<param name="flag_label" value="$VAR[AudioCodecVar]"/>
		</include>
	</include>
	<include name="AudioChannelsFlaggingConditions">
		<include content="MediaFlag">
			<param name="flag_visible" value="!String.IsEmpty(ListItem.AudioChannels) | [Window.IsActive(fullscreenvideo) + !String.IsEmpty(VideoPlayer.AudioChannels)] | [Window.IsActive(visualisation) + !String.IsEmpty(MusicPlayer.AudioChannels)]"/>
			<param name="flag_label" value="$VAR[AudioChannelsVar]"/>
		</include>
	</include>
	<include name="AspectCodecFlaggingConditions">
		<include content="MediaFlag">
			<param name="flag_visible" value="!String.IsEmpty(ListItem.VideoAspect) | [Window.IsActive(fullscreenvideo) + !String.IsEmpty(VideoPlayer.VideoAspect)]"/>
			<param name="flag_label" value="$INFO[ListItem.VideoAspect]"/>
		</include>
	</include>
</includes>
