<?xml version="1.0" encoding="UTF-8"?>
<window>
	<defaultcontrol />
	<controls>
	
        <control type="group" id="2">
            <depth>DepthOSD+</depth>
            <visible>Skin.HasSetting(osd.useleftCodecStartupLogos)</visible>
            <visible>String.IsEqual(Player.Process(av.change),1)</visible>
            <top>25</top>
            <left>35</left>
            <animation type="Hidden">
                <effect type="fade" start="100" end="0" delay="3000" time="500" tween="sine" />
            </animation>
			
            <include content="Video_Audio_Background_Flag">
                <param name="groupId">46</param>
                <param name="imageId">47</param>
                <param name="visible">!String.IsEmpty(Player.Process(video.source.hdr.type.raw)) + !String.IsEmpty(VideoPlayer.AudioCodec)</param>
                <param name="texture">common/corner.png</param>
                <param name="colordiffuse">80FFFFFF</param>
            </include>
			
            <include content="Video_Background_Flag">
                <param name="groupId">48</param>
                <param name="imageId">49</param>
                <param name="visible">!String.IsEmpty(Player.Process(video.source.hdr.type.raw)) + String.IsEmpty(VideoPlayer.AudioCodec)</param>
                <param name="texture">common/corner_small.png</param>
                <param name="colordiffuse">80FFFFFF</param>
            </include>
			
            <include content="Audio_Background_Flag">
                <param name="groupId">50</param>
                <param name="imageId">51</param>
                <param name="visible">String.IsEmpty(Player.Process(video.source.hdr.type.raw)) + !String.IsEmpty(VideoPlayer.AudioCodec)</param>
                <param name="texture">common/corner_small.png</param>
                <param name="colordiffuse">80FFFFFF</param>
            </include>
			
            <include content="SDR_Bypass_Flag">
                <param name="groupId">52</param>
                <param name="imageId">53</param>
                <param name="visible">String.IsEqual(Player.Process(video.source.hdr.type.raw), 0) + String.Contains(Player.Process(amlogic.vs10.mode),Bypass)</param>
                <param name="texture">codecs/SDR.png</param>
                <param name="colordiffuse">dialog_fg_90</param>
            </include>
			
            <include content="HDR10_Bypass_Flag">
                <param name="groupId">54</param>
                <param name="imageId">55</param>
                <param name="visible">String.IsEqual(Player.Process(video.source.hdr.type.raw), 1) + String.Contains(Player.Process(amlogic.vs10.mode),Bypass)</param>
                <param name="texture">codecs/HDR10.png</param>
                <param name="colordiffuse">dialog_fg_90</param>
            </include>
			
            <include content="HDR10Plus_Bypass_Flag">
                <param name="groupId">56</param>
                <param name="imageId">57</param>
                <param name="visible">String.IsEqual(Player.Process(video.source.hdr.type.raw), 2) + String.Contains(Player.Process(amlogic.vs10.mode),Bypass)</param>
                <param name="texture">codecs/HDR10Plus.png</param>
                <param name="colordiffuse">dialog_fg_90</param>
            </include>
			
            <include content="DV_Bypass_Flag">
                <param name="groupId">58</param>
                <param name="imageId">59</param>
                <param name="visible">String.IsEqual(Player.Process(video.source.hdr.type.raw), 3) + String.Contains(Player.Process(amlogic.vs10.mode),Bypass)</param>
                <param name="texture">codecs/Dolby_Vision.png</param>
                <param name="colordiffuse">dialog_fg_90</param>
            </include>
			
            <include content="HLG_Bypass_Flag">
                <param name="groupId">60</param>
                <param name="imageId">61</param>
                <param name="visible">String.IsEqual(Player.Process(video.source.hdr.type.raw), 4) + String.Contains(Player.Process(amlogic.vs10.mode),Bypass)</param>
                <param name="texture">codecs/HLG.png</param>
                <param name="colordiffuse">dialog_fg_90</param>
            </include>
			
            <include content="VS10_SDR_Flag">
                <param name="groupId">62</param>
                <param name="imageId">63</param>
                <param name="visible">String.Contains(Player.Process(amlogic.vs10.mode),SDR)</param>
                <param name="texture">codecs/SDR.png</param>
                <param name="colordiffuse">dialog_fg_90</param>
            </include>
			
            <include content="VS10_HDR10_Flag">
                <param name="groupId">64</param>
                <param name="imageId">65</param>
                <param name="visible">String.Contains(Player.Process(amlogic.vs10.mode),HDR10)</param>
                <param name="texture">codecs/HDR10.png</param>
                <param name="colordiffuse">dialog_fg_90</param>
            </include>
			
            <include content="VS10_HDR10Plus_Flag">
                <param name="groupId">66</param>
                <param name="imageId">67</param>
                <param name="visible">String.IsEqual(Player.Process(video.source.hdr.type.raw), 2) + !String.Contains(Player.Process(amlogic.vs10.mode),Dolby Vision) + !String.Contains(Player.Process(amlogic.vs10.mode),SDR) + !String.Contains(Player.Process(amlogic.vs10.mode),HLG)</param>
                <param name="texture">codecs/HDR10Plus.png</param>
                <param name="colordiffuse">dialog_fg_90</param>
            </include>
			
            <include content="VS10_DV_Flag">
                <param name="groupId">68</param>
                <param name="imageId">69</param>
                <param name="visible">String.Contains(Player.Process(amlogic.vs10.mode),Dolby Vision)</param>
                <param name="texture">codecs/Dolby_Vision.png</param>
                <param name="colordiffuse">dialog_fg_90</param>
            </include>
			
            <include content="VS10_HLG_Flag">
                <param name="groupId">70</param>
                <param name="imageId">71</param>
                <param name="visible">String.Contains(Player.Process(amlogic.vs10.mode),HLG)</param>
                <param name="texture">codecs/Dolby_Vision.png</param>
                <param name="colordiffuse">dialog_fg_90</param>
            </include>
			
            <include content="Separation_Line_Flag">
                <param name="groupId">72</param>
                <param name="imageId">73</param>
                <param name="visible">String.IsEqual(VideoPlayer.AudioCodec,aac) | String.IsEqual(VideoPlayer.AudioCodec,aac_latm) | String.IsEqual(VideoPlayer.AudioCodec,ac3) | String.IsEqual(VideoPlayer.AudioCodec,dca) | String.IsEqual(VideoPlayer.AudioCodec,dolbydigital) | String.IsEqual(VideoPlayer.AudioCodec,dtshd) | String.IsEqual(VideoPlayer.AudioCodec,dtshd_ma) | String.IsEqual(VideoPlayer.AudioCodec,dtshd_hra) | String.IsEqual(VideoPlayer.AudioCodec,dtshd_ma_x) | String.IsEqual(VideoPlayer.AudioCodec,dtshd_ma_x_imax) | String.IsEqual(VideoPlayer.AudioCodec,eac3) | String.IsEqual(VideoPlayer.AudioCodec,eac3_ddp_atmos) | String.IsEqual(VideoPlayer.AudioCodec,mp3) | String.IsEqual(VideoPlayer.AudioCodec,mp3float) | String.IsEqual(VideoPlayer.AudioCodec,flac) | String.IsEqual(VideoPlayer.AudioCodec,opus) | String.IsEqual(VideoPlayer.AudioCodec,pcm) | String.IsEqual(VideoPlayer.AudioCodec,pcm_bluray) | String.IsEqual(VideoPlayer.AudioCodec,pcm_s16le) | String.IsEqual(VideoPlayer.AudioCodec,pcm_s24le) | String.IsEqual(VideoPlayer.AudioCodec,truehd) | String.IsEqual(VideoPlayer.AudioCodec,truehd_atmos)</param>
                <param name="texture">common/selectedwhite.png</param>
                <param name="colordiffuse">80FFFFFF</param>
            </include>
			
            <include content="PCM_Flag">
                <param name="groupId">74</param>
                <param name="imageId">75</param>
                <param name="visible">String.IsEqual(VideoPlayer.AudioCodec,pcm) | String.IsEqual(VideoPlayer.AudioCodec,pcm_bluray) | String.IsEqual(VideoPlayer.AudioCodec,pcm_s16le) | String.IsEqual(VideoPlayer.AudioCodec,pcm_s24le)</param>
                <param name="texture">codecs/PCM.png</param>
                <param name="colordiffuse">dialog_fg_90</param>
            </include>
			
            <include content="AAC_Flag">
                <param name="groupId">76</param>
                <param name="imageId">77</param>
                <param name="visible">String.IsEqual(VideoPlayer.AudioCodec,aac) | String.IsEqual(VideoPlayer.AudioCodec,aac_latm)</param>
                <param name="texture">codecs/AAC.png</param>
                <param name="colordiffuse">dialog_fg_90</param>
            </include>
			
            <include content="Dolby_Digital_Flag">
                <param name="groupId">78</param>
                <param name="imageId">79</param>
                <param name="visible">String.IsEqual(VideoPlayer.AudioCodec,dolbydigital) | String.IsEqual(VideoPlayer.AudioCodec,ac3)</param>
                <param name="texture">codecs/Dolby_Digital.png</param>
                <param name="colordiffuse">dialog_fg_90</param>
            </include>
			
            <include content="Dolby_Digital_Plus_Flag">
                <param name="groupId">80</param>
                <param name="imageId">81</param>
                <param name="visible">String.IsEqual(VideoPlayer.AudioCodec,eac3)</param>
                <param name="texture">codecs/Dolby_Digital_Plus.png</param>
                <param name="colordiffuse">dialog_fg_90</param>
            </include>
			
            <include content="Dolby_Atmos_Flag">
                <param name="groupId">82</param>
                <param name="imageId">83</param>
                <param name="visible">String.IsEqual(VideoPlayer.AudioCodec,truehd_atmos)</param>
                <param name="texture">codecs/Dolby_TrueHD_Atmos.png</param>
                <param name="colordiffuse">dialog_fg_90</param>
            </include>
			
            <include content="Dolby_TrueHD_Flag">
                <param name="groupId">84</param>
                <param name="imageId">85</param>
                <param name="visible">String.IsEqual(VideoPlayer.AudioCodec,truehd)</param>
                <param name="texture">codecs/Dolby_TrueHD.png</param>
                <param name="colordiffuse">dialog_fg_90</param>
            </include>
			
            <include content="Dolby_Atmos1_Flag">
                <param name="groupId">86</param>
                <param name="imageId">87</param>
                <param name="visible">String.IsEqual(VideoPlayer.AudioCodec,eac3_ddp_atmos)</param>
                <param name="texture">codecs/Dolby_Digital_Plus_Atmos.png</param>
                <param name="colordiffuse">dialog_fg_90</param>
            </include>
			
            <include content="MP3_Flag">
                <param name="groupId">88</param>
                <param name="imageId">89</param>
                <param name="visible">String.IsEqual(VideoPlayer.AudioCodec,mp3) | String.IsEqual(VideoPlayer.AudioCodec,mp3float)</param>
                <param name="texture">codecs/MP3.png</param>
                <param name="colordiffuse">dialog_fg_90</param>
            </include>
			
            <include content="DTS_Flag">
                <param name="groupId">90</param>
                <param name="imageId">91</param>
                <param name="visible">String.IsEqual(VideoPlayer.AudioCodec,dca)</param>
                <param name="texture">codecs/DTS.png</param>
                <param name="colordiffuse">dialog_fg_90</param>
            </include>
			
            <include content="DTS_HD_MA_Flag">
                <param name="groupId">92</param>
                <param name="imageId">93</param>
                <param name="visible">String.IsEqual(VideoPlayer.AudioCodec,dtshd_ma)</param>
                <param name="texture">codecs/DTS-HD-MA.png</param>
                <param name="colordiffuse">dialog_fg_90</param>
            </include>
			
            <include content="DTS_HD_HRA_Flag">
                <param name="groupId">94</param>
                <param name="imageId">95</param>
                <param name="visible">String.IsEqual(VideoPlayer.AudioCodec,dtshd_hra)</param>
                <param name="texture">codecs/DTS-HD-HRA.png</param>
                <param name="colordiffuse">dialog_fg_90</param>
            </include>
			
            <include content="DTS_X_Flag">
                <param name="groupId">96</param>
                <param name="imageId">97</param>
                <param name="visible">String.IsEqual(VideoPlayer.AudioCodec,dtshd_ma_x)</param>
                <param name="texture">codecs/DTSX.png</param>
                <param name="colordiffuse">dialog_fg_90</param>
            </include>
			
            <include content="IMAX_Flag">
                <param name="groupId">98</param>
                <param name="imageId">99</param>
                <param name="visible">String.IsEqual(VideoPlayer.AudioCodec,dtshd_ma_x_imax)</param>
                <param name="texture">codecs/IMAX.png</param>
                <param name="colordiffuse">dialog_fg_90</param>
            </include>
			
            <include content="FLAC_Flag">
                <param name="groupId">100</param>
                <param name="imageId">101</param>
                <param name="visible">String.IsEqual(VideoPlayer.AudioCodec,flac)</param>
                <param name="texture">codecs/FLAC.png</param>
                <param name="colordiffuse">dialog_fg_90</param>
            </include>
			
            <include content="OPUS_Flag">
                <param name="groupId">102</param>
                <param name="imageId">103</param>
                <param name="visible">String.IsEqual(VideoPlayer.AudioCodec,opus)</param>
                <param name="texture">codecs/OPUS.png</param>
                <param name="colordiffuse">dialog_fg_90</param>
            </include>
			
            <include content="VS10_Indicator_Flag">
                <param name="groupId">104</param>
                <param name="imageId">105</param>
                <param name="visible">String.Contains(Player.Process(amlogic.vs10.mode),SDR) | String.Contains(Player.Process(amlogic.vs10.mode),HDR10) | String.Contains(Player.Process(amlogic.vs10.mode),Dolby Vision)</param>
                <param name="texture">codecs/VS10.png</param>
                <param name="colordiffuse">AB16A34A</param>
            </include>
        </control>

        <control type="group" id="3">
            <depth>DepthOSD+</depth>
            <visible>Skin.HasSetting(osd.usecenterCodecStartupLogos)</visible>
            <visible>String.IsEqual(Player.Process(av.change),1)</visible>
            <top>25</top>
            <left>855</left>
            <animation type="Hidden">
                <effect type="fade" start="100" end="0" delay="3000" time="500" tween="sine" />
            </animation>
			
            <include content="Video_Audio_Background_Flag">
                <param name="groupId">46</param>
                <param name="imageId">47</param>
                <param name="visible">!String.IsEmpty(Player.Process(video.source.hdr.type.raw)) + !String.IsEmpty(VideoPlayer.AudioCodec)</param>
                <param name="texture">common/corner.png</param>
                <param name="colordiffuse">80FFFFFF</param>
            </include>
			
            <include content="Video_Background_Flag">
                <param name="groupId">48</param>
                <param name="imageId">49</param>
                <param name="visible">!String.IsEmpty(Player.Process(video.source.hdr.type.raw)) + String.IsEmpty(VideoPlayer.AudioCodec)</param>
                <param name="texture">common/corner_small.png</param>
                <param name="colordiffuse">80FFFFFF</param>
            </include>
			
            <include content="Audio_Background_Flag">
                <param name="groupId">50</param>
                <param name="imageId">51</param>
                <param name="visible">String.IsEmpty(Player.Process(video.source.hdr.type.raw)) + !String.IsEmpty(VideoPlayer.AudioCodec)</param>
                <param name="texture">common/corner_small.png</param>
                <param name="colordiffuse">80FFFFFF</param>
            </include>
			
            <include content="SDR_Bypass_Flag">
                <param name="groupId">52</param>
                <param name="imageId">53</param>
                <param name="visible">String.IsEqual(Player.Process(video.source.hdr.type.raw), 0) + String.Contains(Player.Process(amlogic.vs10.mode),Bypass)</param>
                <param name="texture">codecs/SDR.png</param>
                <param name="colordiffuse">dialog_fg_90</param>
            </include>
			
            <include content="HDR10_Bypass_Flag">
                <param name="groupId">54</param>
                <param name="imageId">55</param>
                <param name="visible">String.IsEqual(Player.Process(video.source.hdr.type.raw), 1) + String.Contains(Player.Process(amlogic.vs10.mode),Bypass)</param>
                <param name="texture">codecs/HDR10.png</param>
                <param name="colordiffuse">dialog_fg_90</param>
            </include>
			
            <include content="HDR10Plus_Bypass_Flag">
                <param name="groupId">56</param>
                <param name="imageId">57</param>
                <param name="visible">String.IsEqual(Player.Process(video.source.hdr.type.raw), 2) + String.Contains(Player.Process(amlogic.vs10.mode),Bypass)</param>
                <param name="texture">codecs/HDR10Plus.png</param>
                <param name="colordiffuse">dialog_fg_90</param>
            </include>
			
            <include content="DV_Bypass_Flag">
                <param name="groupId">58</param>
                <param name="imageId">59</param>
                <param name="visible">String.IsEqual(Player.Process(video.source.hdr.type.raw), 3) + String.Contains(Player.Process(amlogic.vs10.mode),Bypass)</param>
                <param name="texture">codecs/Dolby_Vision.png</param>
                <param name="colordiffuse">dialog_fg_90</param>
            </include>
			
            <include content="HLG_Bypass_Flag">
                <param name="groupId">60</param>
                <param name="imageId">61</param>
                <param name="visible">String.IsEqual(Player.Process(video.source.hdr.type.raw), 4) + String.Contains(Player.Process(amlogic.vs10.mode),Bypass)</param>
                <param name="texture">codecs/HLG.png</param>
                <param name="colordiffuse">dialog_fg_90</param>
            </include>
			
            <include content="VS10_SDR_Flag">
                <param name="groupId">62</param>
                <param name="imageId">63</param>
                <param name="visible">String.Contains(Player.Process(amlogic.vs10.mode),SDR)</param>
                <param name="texture">codecs/SDR.png</param>
                <param name="colordiffuse">dialog_fg_90</param>
            </include>
			
            <include content="VS10_HDR10_Flag">
                <param name="groupId">64</param>
                <param name="imageId">65</param>
                <param name="visible">String.Contains(Player.Process(amlogic.vs10.mode),HDR10)</param>
                <param name="texture">codecs/HDR10.png</param>
                <param name="colordiffuse">dialog_fg_90</param>
            </include>
			
            <include content="VS10_HDR10Plus_Flag">
                <param name="groupId">66</param>
                <param name="imageId">67</param>
                <param name="visible">String.IsEqual(Player.Process(video.source.hdr.type.raw), 2) + !String.Contains(Player.Process(amlogic.vs10.mode),Dolby Vision) + !String.Contains(Player.Process(amlogic.vs10.mode),SDR) + !String.Contains(Player.Process(amlogic.vs10.mode),HLG)</param>
                <param name="texture">codecs/HDR10Plus.png</param>
                <param name="colordiffuse">dialog_fg_90</param>
            </include>
			
            <include content="VS10_DV_Flag">
                <param name="groupId">68</param>
                <param name="imageId">69</param>
                <param name="visible">String.Contains(Player.Process(amlogic.vs10.mode),Dolby Vision)</param>
                <param name="texture">codecs/Dolby_Vision.png</param>
                <param name="colordiffuse">dialog_fg_90</param>
            </include>
			
            <include content="VS10_HLG_Flag">
                <param name="groupId">70</param>
                <param name="imageId">71</param>
                <param name="visible">String.Contains(Player.Process(amlogic.vs10.mode),HLG)</param>
                <param name="texture">codecs/Dolby_Vision.png</param>
                <param name="colordiffuse">dialog_fg_90</param>
            </include>
			
            <include content="Separation_Line_Flag">
                <param name="groupId">72</param>
                <param name="imageId">73</param>
                <param name="visible">String.IsEqual(VideoPlayer.AudioCodec,aac) | String.IsEqual(VideoPlayer.AudioCodec,aac_latm) | String.IsEqual(VideoPlayer.AudioCodec,ac3) | String.IsEqual(VideoPlayer.AudioCodec,dca) | String.IsEqual(VideoPlayer.AudioCodec,dolbydigital) | String.IsEqual(VideoPlayer.AudioCodec,dtshd) | String.IsEqual(VideoPlayer.AudioCodec,dtshd_ma) | String.IsEqual(VideoPlayer.AudioCodec,dtshd_hra) | String.IsEqual(VideoPlayer.AudioCodec,dtshd_ma_x) | String.IsEqual(VideoPlayer.AudioCodec,dtshd_ma_x_imax) | String.IsEqual(VideoPlayer.AudioCodec,eac3) | String.IsEqual(VideoPlayer.AudioCodec,eac3_ddp_atmos) | String.IsEqual(VideoPlayer.AudioCodec,mp3) | String.IsEqual(VideoPlayer.AudioCodec,mp3float) | String.IsEqual(VideoPlayer.AudioCodec,flac) | String.IsEqual(VideoPlayer.AudioCodec,opus) | String.IsEqual(VideoPlayer.AudioCodec,pcm) | String.IsEqual(VideoPlayer.AudioCodec,pcm_bluray) | String.IsEqual(VideoPlayer.AudioCodec,pcm_s16le) | String.IsEqual(VideoPlayer.AudioCodec,pcm_s24le) | String.IsEqual(VideoPlayer.AudioCodec,truehd) | String.IsEqual(VideoPlayer.AudioCodec,truehd_atmos)</param>
                <param name="texture">common/selectedwhite.png</param>
                <param name="colordiffuse">80FFFFFF</param>
            </include>
			
            <include content="PCM_Flag">
                <param name="groupId">74</param>
                <param name="imageId">75</param>
                <param name="visible">String.IsEqual(VideoPlayer.AudioCodec,pcm) | String.IsEqual(VideoPlayer.AudioCodec,pcm_bluray) | String.IsEqual(VideoPlayer.AudioCodec,pcm_s16le) | String.IsEqual(VideoPlayer.AudioCodec,pcm_s24le)</param>
                <param name="texture">codecs/PCM.png</param>
                <param name="colordiffuse">dialog_fg_90</param>
            </include>
			
            <include content="AAC_Flag">
                <param name="groupId">76</param>
                <param name="imageId">77</param>
                <param name="visible">String.IsEqual(VideoPlayer.AudioCodec,aac) | String.IsEqual(VideoPlayer.AudioCodec,aac_latm)</param>
                <param name="texture">codecs/AAC.png</param>
                <param name="colordiffuse">dialog_fg_90</param>
            </include>
			
            <include content="Dolby_Digital_Flag">
                <param name="groupId">78</param>
                <param name="imageId">79</param>
                <param name="visible">String.IsEqual(VideoPlayer.AudioCodec,dolbydigital) | String.IsEqual(VideoPlayer.AudioCodec,ac3)</param>
                <param name="texture">codecs/Dolby_Digital.png</param>
                <param name="colordiffuse">dialog_fg_90</param>
            </include>
			
            <include content="Dolby_Digital_Plus_Flag">
                <param name="groupId">80</param>
                <param name="imageId">81</param>
                <param name="visible">String.IsEqual(VideoPlayer.AudioCodec,eac3)</param>
                <param name="texture">codecs/Dolby_Digital_Plus.png</param>
                <param name="colordiffuse">dialog_fg_90</param>
            </include>
			
            <include content="Dolby_Atmos_Flag">
                <param name="groupId">82</param>
                <param name="imageId">83</param>
                <param name="visible">String.IsEqual(VideoPlayer.AudioCodec,truehd_atmos)</param>
                <param name="texture">codecs/Dolby_TrueHD_Atmos.png</param>
                <param name="colordiffuse">dialog_fg_90</param>
            </include>
			
            <include content="Dolby_TrueHD_Flag">
                <param name="groupId">84</param>
                <param name="imageId">85</param>
                <param name="visible">String.IsEqual(VideoPlayer.AudioCodec,truehd)</param>
                <param name="texture">codecs/Dolby_TrueHD.png</param>
                <param name="colordiffuse">dialog_fg_90</param>
            </include>
			
            <include content="Dolby_Atmos1_Flag">
                <param name="groupId">86</param>
                <param name="imageId">87</param>
                <param name="visible">String.IsEqual(VideoPlayer.AudioCodec,eac3_ddp_atmos)</param>
                <param name="texture">codecs/Dolby_Digital_Plus_Atmos.png</param>
                <param name="colordiffuse">dialog_fg_90</param>
            </include>
			
            <include content="MP3_Flag">
                <param name="groupId">88</param>
                <param name="imageId">89</param>
                <param name="visible">String.IsEqual(VideoPlayer.AudioCodec,mp3) | String.IsEqual(VideoPlayer.AudioCodec,mp3float)</param>
                <param name="texture">codecs/MP3.png</param>
                <param name="colordiffuse">dialog_fg_90</param>
            </include>
			
            <include content="DTS_Flag">
                <param name="groupId">90</param>
                <param name="imageId">91</param>
                <param name="visible">String.IsEqual(VideoPlayer.AudioCodec,dca)</param>
                <param name="texture">codecs/DTS.png</param>
                <param name="colordiffuse">dialog_fg_90</param>
            </include>
			
            <include content="DTS_HD_MA_Flag">
                <param name="groupId">92</param>
                <param name="imageId">93</param>
                <param name="visible">String.IsEqual(VideoPlayer.AudioCodec,dtshd_ma)</param>
                <param name="texture">codecs/DTS-HD-MA.png</param>
                <param name="colordiffuse">dialog_fg_90</param>
            </include>
			
            <include content="DTS_HD_HRA_Flag">
                <param name="groupId">94</param>
                <param name="imageId">95</param>
                <param name="visible">String.IsEqual(VideoPlayer.AudioCodec,dtshd_hra)</param>
                <param name="texture">codecs/DTS-HD-HRA.png</param>
                <param name="colordiffuse">dialog_fg_90</param>
            </include>
			
            <include content="DTS_X_Flag">
                <param name="groupId">96</param>
                <param name="imageId">97</param>
                <param name="visible">String.IsEqual(VideoPlayer.AudioCodec,dtshd_ma_x)</param>
                <param name="texture">codecs/DTSX.png</param>
                <param name="colordiffuse">dialog_fg_90</param>
            </include>
			
            <include content="IMAX_Flag">
                <param name="groupId">98</param>
                <param name="imageId">99</param>
                <param name="visible">String.IsEqual(VideoPlayer.AudioCodec,dtshd_ma_x_imax)</param>
                <param name="texture">codecs/IMAX.png</param>
                <param name="colordiffuse">dialog_fg_90</param>
            </include>
			
            <include content="FLAC_Flag">
                <param name="groupId">100</param>
                <param name="imageId">101</param>
                <param name="visible">String.IsEqual(VideoPlayer.AudioCodec,flac)</param>
                <param name="texture">codecs/FLAC.png</param>
                <param name="colordiffuse">dialog_fg_90</param>
            </include>
			
            <include content="OPUS_Flag">
                <param name="groupId">102</param>
                <param name="imageId">103</param>
                <param name="visible">String.IsEqual(VideoPlayer.AudioCodec,opus)</param>
                <param name="texture">codecs/OPUS.png</param>
                <param name="colordiffuse">dialog_fg_90</param>
            </include>
			
            <include content="VS10_Indicator_Flag">
                <param name="groupId">104</param>
                <param name="imageId">105</param>
                <param name="visible">String.Contains(Player.Process(amlogic.vs10.mode),SDR) | String.Contains(Player.Process(amlogic.vs10.mode),HDR10) | String.Contains(Player.Process(amlogic.vs10.mode),Dolby Vision)</param>
                <param name="texture">codecs/VS10.png</param>
                <param name="colordiffuse">AB16A34A</param>
            </include>
        </control>

        <control type="group" id="4">
            <depth>DepthOSD+</depth>
            <visible>Skin.HasSetting(osd.userightCodecStartupLogos)</visible>
            <visible>String.IsEqual(Player.Process(av.change),1)</visible>
            <top>25</top>
            <left>1675</left>
            <animation type="Hidden">
                <effect type="fade" start="100" end="0" delay="3000" time="500" tween="sine" />
            </animation>
			
            <include content="Video_Audio_Background_Flag">
                <param name="groupId">46</param>
                <param name="imageId">47</param>
                <param name="visible">!String.IsEmpty(Player.Process(video.source.hdr.type.raw)) + !String.IsEmpty(VideoPlayer.AudioCodec)</param>
                <param name="texture">common/corner.png</param>
                <param name="colordiffuse">80FFFFFF</param>
            </include>
			
            <include content="Video_Background_Flag">
                <param name="groupId">48</param>
                <param name="imageId">49</param>
                <param name="visible">!String.IsEmpty(Player.Process(video.source.hdr.type.raw)) + String.IsEmpty(VideoPlayer.AudioCodec)</param>
                <param name="texture">common/corner_small.png</param>
                <param name="colordiffuse">80FFFFFF</param>
            </include>
			
            <include content="Audio_Background_Flag">
                <param name="groupId">50</param>
                <param name="imageId">51</param>
                <param name="visible">String.IsEmpty(Player.Process(video.source.hdr.type.raw)) + !String.IsEmpty(VideoPlayer.AudioCodec)</param>
                <param name="texture">common/corner_small.png</param>
                <param name="colordiffuse">80FFFFFF</param>
            </include>
			
            <include content="SDR_Bypass_Flag">
                <param name="groupId">52</param>
                <param name="imageId">53</param>
                <param name="visible">String.IsEqual(Player.Process(video.source.hdr.type.raw), 0) + String.Contains(Player.Process(amlogic.vs10.mode),Bypass)</param>
                <param name="texture">codecs/SDR.png</param>
                <param name="colordiffuse">dialog_fg_90</param>
            </include>
			
            <include content="HDR10_Bypass_Flag">
                <param name="groupId">54</param>
                <param name="imageId">55</param>
                <param name="visible">String.IsEqual(Player.Process(video.source.hdr.type.raw), 1) + String.Contains(Player.Process(amlogic.vs10.mode),Bypass)</param>
                <param name="texture">codecs/HDR10.png</param>
                <param name="colordiffuse">dialog_fg_90</param>
            </include>
			
            <include content="HDR10Plus_Bypass_Flag">
                <param name="groupId">56</param>
                <param name="imageId">57</param>
                <param name="visible">String.IsEqual(Player.Process(video.source.hdr.type.raw), 2) + String.Contains(Player.Process(amlogic.vs10.mode),Bypass)</param>
                <param name="texture">codecs/HDR10Plus.png</param>
                <param name="colordiffuse">dialog_fg_90</param>
            </include>
			
            <include content="DV_Bypass_Flag">
                <param name="groupId">58</param>
                <param name="imageId">59</param>
                <param name="visible">String.IsEqual(Player.Process(video.source.hdr.type.raw), 3) + String.Contains(Player.Process(amlogic.vs10.mode),Bypass)</param>
                <param name="texture">codecs/Dolby_Vision.png</param>
                <param name="colordiffuse">dialog_fg_90</param>
            </include>
			
            <include content="HLG_Bypass_Flag">
                <param name="groupId">60</param>
                <param name="imageId">61</param>
                <param name="visible">String.IsEqual(Player.Process(video.source.hdr.type.raw), 4) + String.Contains(Player.Process(amlogic.vs10.mode),Bypass)</param>
                <param name="texture">codecs/HLG.png</param>
                <param name="colordiffuse">dialog_fg_90</param>
            </include>
			
            <include content="VS10_SDR_Flag">
                <param name="groupId">62</param>
                <param name="imageId">63</param>
                <param name="visible">String.Contains(Player.Process(amlogic.vs10.mode),SDR)</param>
                <param name="texture">codecs/SDR.png</param>
                <param name="colordiffuse">dialog_fg_90</param>
            </include>
			
            <include content="VS10_HDR10_Flag">
                <param name="groupId">64</param>
                <param name="imageId">65</param>
                <param name="visible">String.Contains(Player.Process(amlogic.vs10.mode),HDR10)</param>
                <param name="texture">codecs/HDR10.png</param>
                <param name="colordiffuse">dialog_fg_90</param>
            </include>
			
            <include content="VS10_HDR10Plus_Flag">
                <param name="groupId">66</param>
                <param name="imageId">67</param>
                <param name="visible">String.IsEqual(Player.Process(video.source.hdr.type.raw), 2) + !String.Contains(Player.Process(amlogic.vs10.mode),Dolby Vision) + !String.Contains(Player.Process(amlogic.vs10.mode),SDR) + !String.Contains(Player.Process(amlogic.vs10.mode),HLG)</param>
                <param name="texture">codecs/HDR10Plus.png</param>
                <param name="colordiffuse">dialog_fg_90</param>
            </include>
			
            <include content="VS10_DV_Flag">
                <param name="groupId">68</param>
                <param name="imageId">69</param>
                <param name="visible">String.Contains(Player.Process(amlogic.vs10.mode),Dolby Vision)</param>
                <param name="texture">codecs/Dolby_Vision.png</param>
                <param name="colordiffuse">dialog_fg_90</param>
            </include>
			
            <include content="VS10_HLG_Flag">
                <param name="groupId">70</param>
                <param name="imageId">71</param>
                <param name="visible">String.Contains(Player.Process(amlogic.vs10.mode),HLG)</param>
                <param name="texture">codecs/Dolby_Vision.png</param>
                <param name="colordiffuse">dialog_fg_90</param>
            </include>
			
            <include content="Separation_Line_Flag">
                <param name="groupId">72</param>
                <param name="imageId">73</param>
                <param name="visible">String.IsEqual(VideoPlayer.AudioCodec,aac) | String.IsEqual(VideoPlayer.AudioCodec,aac_latm) | String.IsEqual(VideoPlayer.AudioCodec,ac3) | String.IsEqual(VideoPlayer.AudioCodec,dca) | String.IsEqual(VideoPlayer.AudioCodec,dolbydigital) | String.IsEqual(VideoPlayer.AudioCodec,dtshd) | String.IsEqual(VideoPlayer.AudioCodec,dtshd_ma) | String.IsEqual(VideoPlayer.AudioCodec,dtshd_hra) | String.IsEqual(VideoPlayer.AudioCodec,dtshd_ma_x) | String.IsEqual(VideoPlayer.AudioCodec,dtshd_ma_x_imax) | String.IsEqual(VideoPlayer.AudioCodec,eac3) | String.IsEqual(VideoPlayer.AudioCodec,eac3_ddp_atmos) | String.IsEqual(VideoPlayer.AudioCodec,mp3) | String.IsEqual(VideoPlayer.AudioCodec,mp3float) | String.IsEqual(VideoPlayer.AudioCodec,flac) | String.IsEqual(VideoPlayer.AudioCodec,opus) | String.IsEqual(VideoPlayer.AudioCodec,pcm) | String.IsEqual(VideoPlayer.AudioCodec,pcm_bluray) | String.IsEqual(VideoPlayer.AudioCodec,pcm_s16le) | String.IsEqual(VideoPlayer.AudioCodec,pcm_s24le) | String.IsEqual(VideoPlayer.AudioCodec,truehd) | String.IsEqual(VideoPlayer.AudioCodec,truehd_atmos)</param>
                <param name="texture">common/selectedwhite.png</param>
                <param name="colordiffuse">80FFFFFF</param>
            </include>
			
            <include content="PCM_Flag">
                <param name="groupId">74</param>
                <param name="imageId">75</param>
                <param name="visible">String.IsEqual(VideoPlayer.AudioCodec,pcm) | String.IsEqual(VideoPlayer.AudioCodec,pcm_bluray) | String.IsEqual(VideoPlayer.AudioCodec,pcm_s16le) | String.IsEqual(VideoPlayer.AudioCodec,pcm_s24le)</param>
                <param name="texture">codecs/PCM.png</param>
                <param name="colordiffuse">dialog_fg_90</param>
            </include>
			
            <include content="AAC_Flag">
                <param name="groupId">76</param>
                <param name="imageId">77</param>
                <param name="visible">String.IsEqual(VideoPlayer.AudioCodec,aac) | String.IsEqual(VideoPlayer.AudioCodec,aac_latm)</param>
                <param name="texture">codecs/AAC.png</param>
                <param name="colordiffuse">dialog_fg_90</param>
            </include>
			
            <include content="Dolby_Digital_Flag">
                <param name="groupId">78</param>
                <param name="imageId">79</param>
                <param name="visible">String.IsEqual(VideoPlayer.AudioCodec,dolbydigital) | String.IsEqual(VideoPlayer.AudioCodec,ac3)</param>
                <param name="texture">codecs/Dolby_Digital.png</param>
                <param name="colordiffuse">dialog_fg_90</param>
            </include>
			
            <include content="Dolby_Digital_Plus_Flag">
                <param name="groupId">80</param>
                <param name="imageId">81</param>
                <param name="visible">String.IsEqual(VideoPlayer.AudioCodec,eac3)</param>
                <param name="texture">codecs/Dolby_Digital_Plus.png</param>
                <param name="colordiffuse">dialog_fg_90</param>
            </include>
			
            <include content="Dolby_Atmos_Flag">
                <param name="groupId">82</param>
                <param name="imageId">83</param>
                <param name="visible">String.IsEqual(VideoPlayer.AudioCodec,truehd_atmos)</param>
                <param name="texture">codecs/Dolby_TrueHD_Atmos.png</param>
                <param name="colordiffuse">dialog_fg_90</param>
            </include>
			
            <include content="Dolby_TrueHD_Flag">
                <param name="groupId">84</param>
                <param name="imageId">85</param>
                <param name="visible">String.IsEqual(VideoPlayer.AudioCodec,truehd)</param>
                <param name="texture">codecs/Dolby_TrueHD.png</param>
                <param name="colordiffuse">dialog_fg_90</param>
            </include>
			
            <include content="Dolby_Atmos1_Flag">
                <param name="groupId">86</param>
                <param name="imageId">87</param>
                <param name="visible">String.IsEqual(VideoPlayer.AudioCodec,eac3_ddp_atmos)</param>
                <param name="texture">codecs/Dolby_Digital_Plus_Atmos.png</param>
                <param name="colordiffuse">dialog_fg_90</param>
            </include>
			
            <include content="MP3_Flag">
                <param name="groupId">88</param>
                <param name="imageId">89</param>
                <param name="visible">String.IsEqual(VideoPlayer.AudioCodec,mp3) | String.IsEqual(VideoPlayer.AudioCodec,mp3float)</param>
                <param name="texture">codecs/MP3.png</param>
                <param name="colordiffuse">dialog_fg_90</param>
            </include>
			
            <include content="DTS_Flag">
                <param name="groupId">90</param>
                <param name="imageId">91</param>
                <param name="visible">String.IsEqual(VideoPlayer.AudioCodec,dca)</param>
                <param name="texture">codecs/DTS.png</param>
                <param name="colordiffuse">dialog_fg_90</param>
            </include>
			
            <include content="DTS_HD_MA_Flag">
                <param name="groupId">92</param>
                <param name="imageId">93</param>
                <param name="visible">String.IsEqual(VideoPlayer.AudioCodec,dtshd_ma)</param>
                <param name="texture">codecs/DTS-HD-MA.png</param>
                <param name="colordiffuse">dialog_fg_90</param>
            </include>
			
            <include content="DTS_HD_HRA_Flag">
                <param name="groupId">94</param>
                <param name="imageId">95</param>
                <param name="visible">String.IsEqual(VideoPlayer.AudioCodec,dtshd_hra)</param>
                <param name="texture">codecs/DTS-HD-HRA.png</param>
                <param name="colordiffuse">dialog_fg_90</param>
            </include>
			
            <include content="DTS_X_Flag">
                <param name="groupId">96</param>
                <param name="imageId">97</param>
                <param name="visible">String.IsEqual(VideoPlayer.AudioCodec,dtshd_ma_x)</param>
                <param name="texture">codecs/DTSX.png</param>
                <param name="colordiffuse">dialog_fg_90</param>
            </include>
			
            <include content="IMAX_Flag">
                <param name="groupId">98</param>
                <param name="imageId">99</param>
                <param name="visible">String.IsEqual(VideoPlayer.AudioCodec,dtshd_ma_x_imax)</param>
                <param name="texture">codecs/IMAX.png</param>
                <param name="colordiffuse">dialog_fg_90</param>
            </include>
			
            <include content="FLAC_Flag">
                <param name="groupId">100</param>
                <param name="imageId">101</param>
                <param name="visible">String.IsEqual(VideoPlayer.AudioCodec,flac)</param>
                <param name="texture">codecs/FLAC.png</param>
                <param name="colordiffuse">dialog_fg_90</param>
            </include>
			
            <include content="OPUS_Flag">
                <param name="groupId">102</param>
                <param name="imageId">103</param>
                <param name="visible">String.IsEqual(VideoPlayer.AudioCodec,opus)</param>
                <param name="texture">codecs/OPUS.png</param>
                <param name="colordiffuse">dialog_fg_90</param>
            </include>
			
            <include content="VS10_Indicator_Flag">
                <param name="groupId">104</param>
                <param name="imageId">105</param>
                <param name="visible">String.Contains(Player.Process(amlogic.vs10.mode),SDR) | String.Contains(Player.Process(amlogic.vs10.mode),HDR10) | String.Contains(Player.Process(amlogic.vs10.mode),Dolby Vision)</param>
                <param name="texture">codecs/VS10.png</param>
                <param name="colordiffuse">AB16A34A</param>
            </include>
        </control>
	
		<!-- view mode, sizing, screen resolution -->
		<control type="group" id="0">
			<depth>DepthOSD+</depth>
			<left>0</left>
			<top>30</top>
			<animation effect="fade" time="150">VisibleChange</animation>
			<control type="image">
				<description>media info background image</description>
				<left>0</left>
				<top>0</top>
				<width>1920</width>
				<height>240</height>
				<texture>black-back.png</texture>
			</control>
			<control type="label" id="10">
				<description>row 1 label</description>
				<left>75</left>
				<top>15</top>
				<width>1770</width>
				<height>45</height>
				<align>left</align>
				<aligny>center</aligny>
				<font>font12</font>
				<label />
			</control>
			<control type="label" id="11">
				<description>row 2 label</description>
				<left>75</left>
				<top>83</top>
				<width>1770</width>
				<height>45</height>
				<align>left</align>
				<aligny>center</aligny>
				<font>font12</font>
				<label />
			</control>
			<control type="label" id="12">
				<description>row 3 label</description>
				<left>75</left>
				<top>150</top>
				<width>1770</width>
				<height>68</height>
				<align>left</align>
				<aligny>center</aligny>
				<font>font12</font>
				<label />
			</control>
		</control>
		<!-- media infos -->
		<control type="group" id="1">
			<depth>DepthOSD</depth>
			<visible>[Player.ShowInfo | Window.IsActive(VideoOSD)] + ![Window.IsVisible(DialogSettings.xml) | Window.IsVisible(DialogSelect.xml) | Window.IsVisible(1102) | Window.IsVisible(VideoBookmarks) | Window.IsVisible(PVROSDChannels) | Window.IsVisible(PVRChannelGuide) | Window.IsVisible(SliderDialog)]</visible>
			<animation effect="fade" time="150">VisibleChange</animation>
			<control type="image" id="1">
				<left>-30</left>
				<top>-225</top>
				<width>1980</width>
				<height>384</height>
				<texture flipy="true" border="1">HomeNowPlayingBack.png</texture>
			</control>
			<control type="label" id="1">
				<description>Chapter Count Header label</description>
				<left>45</left>
				<top>8</top>
				<width>1500</width>
				<height>38</height>
				<align>left</align>
				<aligny>center</aligny>
				<font>font13</font>
				<textcolor>white</textcolor>
				<shadowcolor>black</shadowcolor>
				<label>$INFO[Player.Chapter,$LOCALIZE[21396]: ]$INFO[Player.ChapterCount, / ]$INFO[Player.ChapterName,[COLOR=grey] - (,)[/COLOR]]</label>
				<visible>Player.ChapterCount + !VideoPlayer.Content(LiveTV)</visible>
			</control>
			<control type="label" id="1">
				<description>Channel Group label</description>
				<left>45</left>
				<top>8</top>
				<width>1500</width>
				<height>38</height>
				<align>left</align>
				<aligny>center</aligny>
				<font>font13</font>
				<textcolor>white</textcolor>
				<shadowcolor>black</shadowcolor>
				<label>$INFO[VideoPlayer.ChannelGroup,$LOCALIZE[31509]: ]</label>
				<visible>VideoPlayer.Content(LiveTV)</visible>
			</control>
			<control type="label" id="1">
				<description>Clock label</description>
				<visible>!Skin.HasSetting(osd.userightCodecLogos)</visible>
				<left>675</left>
				<top>8</top>
				<width>1200</width>
				<height>38</height>
				<align>right</align>
				<aligny>center</aligny>
				<font>font13</font>
				<textcolor>white</textcolor>
				<shadowcolor>black</shadowcolor>
				<label>$INFO[System.Time]</label>
				<animation effect="slide" start="0,0" end="-45,0" time="0" condition="Player.Muted">conditional</animation>
				<animation effect="slide" start="0,0" end="-105,0" time="0" condition="system.getbool(input.enablemouse) + Window.IsVisible(VideoOSD)">conditional</animation>
			</control>
			<control type="image" id="1">
				<left>-30</left>
				<top>345r</top>
				<width>1980</width>
				<height>345</height>
				<texture border="1">HomeNowPlayingBack.png</texture>
			</control>
			<control type="image" id="1">
				<depth>DepthOSDPopout</depth>
				<description>cover image</description>
				<left>30</left>
				<top>390r</top>
				<width>450</width>
				<height>345</height>
				<texture fallback="DefaultVideoCover.png">$VAR[NowPlayingThumb]</texture>
				<aspectratio aligny="bottom">keep</aspectratio>
				<bordertexture infill="false" border="8">ThumbShadow.png</bordertexture>
				<bordersize>8</bordersize>
				<visible>![VideoPlayer.Content(Movies) | VideoPlayer.Content(LiveTV)]</visible>
			</control>
			<control type="image" id="1">
				<depth>DepthOSDPopout</depth>
				<description>Movie cover image</description>
				<left>30</left>
				<top>525r</top>
				<width>450</width>
				<height>495</height>
				<texture fallback="DefaultVideoCover.png">$VAR[NowPlayingThumb]</texture>
				<aspectratio aligny="bottom">keep</aspectratio>
				<bordertexture infill="false" border="8">ThumbShadow.png</bordertexture>
				<bordersize>8</bordersize>
				<visible>VideoPlayer.Content(Movies)</visible>
			</control>
			<control type="image" id="1">
				<depth>DepthOSDPopout</depth>
				<description>PIcon image</description>
				<left>30</left>
				<top>300r</top>
				<width>450</width>
				<height>225</height>
				<texture fallback="DefaultVideoCover.png">$INFO[Player.Art(thumb)]</texture>
				<aspectratio aligny="center">keep</aspectratio>
				<visible>VideoPlayer.Content(LiveTV)</visible>
			</control>
			<control type="group" id="1">
				<left>495</left>
				<top>345r</top>
				<control type="label" id="1">
					<description>Heading label</description>
					<left>0</left>
					<top>0</top>
					<width>1365</width>
					<height>38</height>
					<align>left</align>
					<aligny>center</aligny>
					<font>font13</font>
					<label>$LOCALIZE[31040]</label>
					<textcolor>white</textcolor>
					<shadowcolor>black</shadowcolor>
					<visible>![VideoPlayer.Content(LiveTV) + [PVR.IsRecordingPlayingChannel | PVR.IsPlayingActiveRecording]]</visible>
					<animation effect="slide" start="0,0" end="0,38" time="0" condition="!VideoPlayer.Content(Movies) + !VideoPlayer.Content(Episodes) + !VideoPlayer.Content(MusicVideos) + !VideoPlayer.Content(LiveTV) + !PVR.IsPlayingRecording">conditional</animation>
				</control>
				<control type="image" id="1">
					<top>0</top>
					<width>75</width>
					<height>38</height>
					<aspectratio align="center" aligny="center">keep</aspectratio>
					<texture>PVR-IsRecording.png</texture>
					<visible>VideoPlayer.Content(LiveTV) + [[PVR.IsRecordingPlayingChannel + !Player.ChannelPreviewActive] | PVR.IsPlayingActiveRecording]</visible>
				</control>
				<control type="label" id="1">
					<description>Heading label</description>
					<left>75</left>
					<top>0</top>
					<width>1290</width>
					<height>38</height>
					<align>left</align>
					<aligny>center</aligny>
					<font>font13</font>
					<label>$LOCALIZE[19158]</label>
					<textcolor>white</textcolor>
					<shadowcolor>black</shadowcolor>
					<visible>VideoPlayer.Content(LiveTV) + [[PVR.IsRecordingPlayingChannel + !Player.ChannelPreviewActive] | PVR.IsPlayingActiveRecording]</visible>
				</control>
				<control type="label" id="1">
					<description>Studio label</description>
					<left>30</left>
					<top>45</top>
					<width>1365</width>
					<height>38</height>
					<align>left</align>
					<font>font12</font>
					<label>$INFO[VideoPlayer.Studio]</label>
					<textcolor>grey2</textcolor>
					<shadowcolor>black</shadowcolor>
					<visible>VideoPlayer.Content(Movies)</visible>
				</control>
				<control type="label" id="1">
					<description>TV Show label</description>
					<left>30</left>
					<top>45</top>
					<width>1365</width>
					<height>38</height>
					<align>left</align>
					<font>font12</font>
					<label>$INFO[VideoPlayer.TVShowTitle] ($INFO[VideoPlayer.Season,,x]$INFO[VideoPlayer.Episode])</label>
					<textcolor>grey2</textcolor>
					<shadowcolor>black</shadowcolor>
					<visible>VideoPlayer.Content(Episodes)</visible>
				</control>
				<control type="label" id="1">
					<description>Music Info label</description>
					<left>30</left>
					<top>45</top>
					<width>1365</width>
					<height>38</height>
					<align>left</align>
					<font>font12</font>
					<label>$INFO[VideoPlayer.Artist] $INFO[VideoPlayer.Album, - ]</label>
					<textcolor>grey2</textcolor>
					<shadowcolor>black</shadowcolor>
					<visible>VideoPlayer.Content(MusicVideos)</visible>
				</control>
				<control type="label" id="1">
					<description>LiveTV Info label</description>
					<left>30</left>
					<top>45</top>
					<width>1365</width>
					<height>38</height>
					<align>left</align>
					<font>font12</font>
					<label>$INFO[VideoPlayer.ChannelNumberLabel,([COLOR=blue],[/COLOR]) ]$INFO[VideoPlayer.ChannelName]$INFO[VideoPlayer.EpisodeName, (,)]</label>
					<textcolor>grey2</textcolor>
					<shadowcolor>black</shadowcolor>
					<visible>VideoPlayer.Content(LiveTV) | PVR.IsPlayingRecording</visible>
				</control>
				<control type="label" id="1">
					<description>Title label</description>
					<left>30</left>
					<top>90</top>
					<width>1365</width>
					<height>45</height>
					<font>font30</font>
					<align>left</align>
					<aligny>center</aligny>
					<label>$INFO[Player.Title]</label>
					<textcolor>orange</textcolor>
					<scroll>true</scroll>
				</control>
				<control type="grouplist" id="1">
					<left>30</left>
					<top>145</top>
					<width>1365</width>
					<height>39</height>
					<itemgap>8</itemgap>
					<orientation>horizontal</orientation>
					<include content="MediaFlag">
						<param name="flag_id" value="1"/>
						<param name="flag_visible" value="!String.IsEmpty(VideoPlayer.VideoResolution)"/>
						<param name="flag_label" value="$VAR[VideoResolutionTypeVar]"/>
					</include>
					<include content="MediaFlag">
						<param name="flag_id" value="1"/>
						<param name="flag_visible" value="!String.IsEmpty(VideoPlayer.HdrType)"/>
						<param name="flag_label" value="$VAR[VideoHDRTypeVar]"/>
					</include>
					<include content="MediaFlag">
						<param name="flag_id" value="1"/>
						<param name="flag_visible" value="!String.IsEmpty(VideoPlayer.VideoCodec)"/>
						<param name="flag_label" value="$VAR[VideoCodecVar]"/>
					</include>
					<include content="MediaFlag">
						<param name="flag_id" value="1"/>
						<param name="flag_visible" value="!String.IsEmpty(VideoPlayer.VideoAspect)"/>
						<param name="flag_label" value="$INFO[VideoPlayer.VideoAspect]"/>
					</include>
					<include content="MediaFlag">
						<param name="flag_id" value="1"/>
						<param name="flag_visible" value="!String.IsEmpty(VideoPlayer.AudioCodec)"/>
						<param name="flag_label" value="$VAR[AudioCodecVar]"/>
					</include>
					<include content="MediaFlag">
						<param name="flag_id" value="1"/>
						<param name="flag_visible" value="!String.IsEmpty(VideoPlayer.AudioChannels)"/>
						<param name="flag_label" value="$VAR[AudioChannelsVar]"/>
					</include>
					<include content="MediaFlag">
						<param name="flag_id" value="1"/>
						<param name="flag_visible" value="ListItem.IsStereoscopic"/>
						<param name="flag_label" value="3D"/>
					</include>
					<include content="MediaFlag">
						<param name="flag_id" value="1"/>
						<param name="flag_width" value="80"/>
						<param name="flag_align" value="right"/>
						<param name="flag_texture" value="flagging/AudioLang.png"/>
						<param name="flag_visible" value="!Player.ChannelPreviewActive + !String.IsEmpty(VideoPlayer.AudioLanguage)"/>
						<param name="flag_label" value="$INFO[VideoPlayer.AudioLanguage]"/>
					</include>
					<include content="MediaFlag">
						<param name="flag_id" value="1"/>
						<param name="flag_width" value="80"/>
						<param name="flag_align" value="right"/>
						<param name="flag_texture" value="flagging/SubLang.png"/>
						<param name="flag_visible" value="!Player.ChannelPreviewActive + !String.IsEmpty(VideoPlayer.SubtitlesLanguage) + VideoPlayer.SubtitlesEnabled"/>
						<param name="flag_label" value="$INFO[VideoPlayer.SubtitlesLanguage]"/>
					</include>
				</control>
				<control type="label" id="1">
					<left>0</left>
					<top>185</top>
					<width>1365</width>
					<height>38</height>
					<label>$LOCALIZE[19127] $INFO[Player.FinishTime]</label>
					<align>center</align>
					<aligny>center</aligny>
					<font>font12</font>
					<textcolor>grey</textcolor>
					<scroll>true</scroll>
					<visible>[Player.ShowInfo | Window.IsVisible(VideoOSD)] + !VideoPlayer.Content(LiveTV)</visible>
					<animation effect="fade" time="150">VisibleChange</animation>
				</control>
				<control type="label" id="1">
					<left>0</left>
					<top>185</top>
					<width>1365</width>
					<height>38</height>
					<label>$INFO[VideoPlayer.NextTitle,[B]$LOCALIZE[19031]: [/B]]</label>
					<align>center</align>
					<aligny>center</aligny>
					<font>font12</font>
					<textcolor>grey</textcolor>
					<scroll>true</scroll>
					<visible>!Window.IsVisible(VideoOSD) + VideoPlayer.Content(LiveTV)</visible>
					<animation effect="fade" time="150">VisibleChange</animation>
				</control>
				<control type="label" id="1">
					<left>0</left>
					<top>225</top>
					<width>1365</width>
					<height>38</height>
					<label>[B]$LOCALIZE[31961][/B] $INFO[PVR.TimeshiftCur] (-$INFO[PVR.TimeshiftOffset])</label>
					<align>center</align>
					<aligny>center</aligny>
					<font>font12</font>
					<textcolor>grey</textcolor>
					<scroll>true</scroll>
					<visible>!Window.IsVisible(VideoOSD) + VideoPlayer.Content(LiveTV) + PVR.IsTimeShift</visible>
					<animation effect="fade" time="150">VisibleChange</animation>
				</control>
			</control>
			<control type="group" id="1">
				<left>495</left>
				<top>143r</top>
				<visible>!VideoPlayer.Content(LiveTV) | [VideoPlayer.Content(LiveTV) + VideoPlayer.HasEpg]</visible>
				<control type="label" id="1">
					<visible>!VideoPlayer.Content(LiveTV)</visible>
					<left>0</left>
					<top>0</top>
					<width>150</width>
					<height>60</height>
					<font>font13</font>
					<align>left</align>
					<aligny>center</aligny>
					<label>$INFO[Player.Time(hh:mm:ss)]</label>
				</control>
				<control type="label" id="1">
					<visible>VideoPlayer.Content(LiveTV)</visible>
					<left>0</left>
					<top>0</top>
					<width>150</width>
					<height>60</height>
					<font>font13</font>
					<align>left</align>
					<aligny>center</aligny>
					<label>$INFO[VideoPlayer.StartTime]</label>
				</control>
				<control type="group" id="1">
					<visible>VideoPlayer.Content(LiveTV)</visible>
					<control type="progress" id="1">
						<description>ProgressbarTimeshift</description>
						<left>150</left>
						<top>23</top>
						<width>1080</width>
						<height>24</height>
						<info>PVR.TimeshiftProgressBufferEnd</info>
						<midtexture border="9,13,9,13">OSDProgressMidLight.png</midtexture>
						<visible>PVR.IsTimeShift</visible>
					</control>
					<control type="progress" id="1">
						<description>Progressbar</description>
						<left>150</left>
						<top>23</top>
						<width>1080</width>
						<height>24</height>
						<info>PVR.EpgEventProgress</info>
					</control>
				</control>
				<control type="group" id="1">
					<visible>!VideoPlayer.Content(LiveTV)</visible>
					<control type="progress" id="1">
						<description>ProgressbarCache</description>
						<left>150</left>
						<top>23</top>
						<width>1080</width>
						<height>24</height>
						<info>Player.ProgressCache</info>
						<midtexture border="9,13,9,13">OSDProgressMidLight.png</midtexture>
						<visible>!Player.ChannelPreviewActive</visible>
					</control>
					<control type="progress" id="1">
						<description>Progressbar</description>
						<left>150</left>
						<top>23</top>
						<width>1080</width>
						<height>24</height>
						<info>Player.Progress</info>
					</control>
				</control>
				<control type="label" id="1">
					<visible>!VideoPlayer.Content(LiveTV)</visible>
					<left>1230</left>
					<top>0</top>
					<width>150</width>
					<height>60</height>
					<font>font13</font>
					<align>right</align>
					<aligny>center</aligny>
					<label>$INFO[Player.Duration(hh:mm:ss)]</label>
				</control>
				<control type="label" id="1">
					<visible>VideoPlayer.Content(LiveTV)</visible>
					<left>1230</left>
					<top>0</top>
					<width>150</width>
					<height>60</height>
					<font>font13</font>
					<align>right</align>
					<aligny>center</aligny>
					<label>$INFO[VideoPlayer.EndTime]</label>
				</control>
				<control type="ranges" id="1">
					<description>Chapters</description>
					<left>150</left>
					<top>23</top>
					<width>1080</width>
					<height>24</height>
					<info>Player.Chapters</info>
					<texturebg border="9,13,9,13" colordiffuse="00FFFFFF">OSDProgressBack.png</texturebg>
					<righttexture border="3,8,3,5" colordiffuse="FFFFFFFF">OSDProgressNib.png</righttexture>
				</control>
				<control type="ranges" id="1">
					<description>Cuts</description>
					<left>150</left>
					<top>23</top>
					<width>1080</width>
					<height>24</height>
					<info>Player.Cuts</info>
					<texturebg border="9,13,9,13" colordiffuse="00FFFFFF">OSDProgressBack.png</texturebg>
					<righttexture border="3,8,3,5" colordiffuse="FFFF0000">OSDProgressNib.png</righttexture>
				</control>
				<control type="ranges" id="1">
					<description>Scene Markers</description>
					<left>150</left>
					<top>23</top>
					<width>1080</width>
					<height>24</height>
					<info>Player.SceneMarkers</info>
					<texturebg border="9,13,9,13" colordiffuse="00FFFFFF">OSDProgressBack.png</texturebg>
					<righttexture border="3,8,3,5" colordiffuse="FF0000FF">OSDProgressNib.png</righttexture>
				</control>
				<control type="ranges" id="1">
					<description>Editlist</description>
					<left>150</left>
					<top>23</top>
					<width>1080</width>
					<height>24</height>
					<info>Player.Editlist</info>
					<texturebg border="9,13,9,13" colordiffuse="00FFFFFF">OSDProgressBack.png</texturebg>
					<lefttexture border="3,8,3,5" colordiffuse="FFFFFFFF">OSDProgressNib.png</lefttexture>
					<midtexture colordiffuse="FFFF0000">colors/white.png</midtexture>
					<righttexture border="3,8,3,5" colordiffuse="FFFFFFFF">OSDProgressNib.png</righttexture>
				</control>
			</control>
		</control>
		<control type="label" id="1">
			<description>Seek Number label</description>
			<left>45</left>
			<top>8</top>
			<width>1830</width>
			<height>38</height>
			<align>center</align>
			<aligny>center</aligny>
			<font>font13</font>
			<textcolor>white</textcolor>
			<shadowcolor>black</shadowcolor>
			<label>$INFO[Player.SeekNumeric]</label>
		</control>
	</controls>
</window>
