﻿<?xml version="1.0" encoding="UTF-8" standalone="yes"?>
	<addon id="script.skin.helper.skinbackup" name="Skin Helper Service Skin Backup" version="1.0.22" provider-name="marcelveldt and others">
	<requires>
	    <import addon="xbmc.python" version="3.0.0"/>
        <import addon="xbmc.addon" version="12.0.0"/>
	</requires>
    <extension point="xbmc.python.script" library="default.py" />
	<extension library="service.py" point="xbmc.service" start="login" />

	<extension point="xbmc.addon.metadata">
		<assets>
            <icon>icon.png</icon>
            <fanart>fanart.jpg</fanart>
        </assets>
		<summary lang="en">Helper service for Kodi skins</summary>
        <description>Helper service for Kodi skins</description>
		<language></language>
		<platform>all</platform>
		<license>GPL v2.0</license>
		<forum>http://forum.kodi.tv/showthread.php?tid=235676</forum>
		<website></website>
		<source>https://github.com/Stogie87/Embuary-Skin</source>
	</extension>
</addon>